Checkpoint,Model,Val_F1_Macro,Test_F1_Macro
Week 4,Logistic Regression,0.723283074917453,0.7353471785189847
Week 4,Random Forest,0.7251350759049477,0.7149099446733117
Week 4,XGBoost,0.7073384446878423,0.7022555832384774
Week 8,Logistic Regression,0.823001095290252,0.8062653562653563
Week 8,Random Forest,0.8339506221586945,0.8192241573776613
Week 8,XGBoost,0.8044400576300058,0.812906996159626
Week 12,Logistic Regression,0.8510185339789614,0.8398850751628957
Week 12,Random Forest,0.8529858299595142,0.8509347542802586
Week 12,XGBoost,0.8234632930318753,0.8517549325025962
