Checkpoint,Model,Accuracy,Precision,Recall,F1-Macro,Kappa,ROC-AUC
Week 4,Logistic Regression,0.7545180722891566,0.7189803439803439,0.7226663751912807,0.7207168384791052,0.44150429326287977,0.7915742793791575
Week 4,Random Forest,0.7680722891566265,0.7357973990417522,0.7115851056077782,0.7204745503252965,0.4429226729426121,0.8034831308620384
Week 4,XGBoost,0.7515060240963856,0.7140017765933822,0.7006287540468235,0.7060961706122997,0.41302530913143176,0.7831735423628243
Week 8,Logistic Regression,0.8343373493975904,0.8087815096143092,0.8161102609745687,0.8121940181840621,0.6244845917349593,0.8909257466454306
Week 8,Random Forest,0.8463855421686747,0.823740670185191,0.823740670185191,0.823740670185191,0.6474813403703819,0.8960577954050988
Week 8,XGBoost,0.8463855421686747,0.8245333613754666,0.8212631294046615,0.8228555287028028,0.6457258832267987,0.8845028783194363
Week 12,Logistic Regression,0.8629518072289156,0.8413390663390663,0.847084725648793,0.8440811797644083,0.68820178335535,0.9208227933751809
Week 12,Random Forest,0.8719879518072289,0.8528660436137072,0.8537366103494581,0.8532985727541867,0.7065979081324988,0.9256217274080552
Week 12,XGBoost,0.8765060240963856,0.8594458173405541,0.855823782309526,0.8575897387610767,0.7151913963195833,0.9197609901835254
